filename,R1,G1,B1,H1,S1,V1,R2,G2,B2,H2,S2,V2,R3,G3,B3,H3,S3,V3,R4,G4,B4,H4,S4,V4,R5,G5,B5,H5,S5,V5,R_avg,G_avg,B_avg,H_avg,S_avg,V_avg
Cheol_001.jpg,205,129,239,141,117,239,116,141,84,43,103,141,153,166,126,40,61,166,76,105,37,43,165,105,162,86,170,147,126,170,142,125,131,82,114,164
Cheol_002.jpg,186,58,146,159,175,186,56,54,22,28,155,56,174,169,109,28,95,174,237,159,226,154,84,237,117,115,49,29,148,117,154,111,110,79,131,154
Cheol_003.jpg,250,144,172,172,108,250,37,6,2,3,241,37,222,93,84,2,159,222,193,18,21,179,231,193,114,15,6,3,242,114,163,55,57,71,196,163
Cheol_004.jpg,231,166,194,167,72,231,17,54,8,54,217,54,182,108,126,173,104,182,58,99,35,49,165,99,196,44,69,175,198,196,136,94,86,123,151,152
Cheol_005.jpg,224,74,181,159,171,224,170,19,82,167,227,170,121,9,49,169,236,121,204,39,129,164,206,204,55,12,24,172,199,55,154,30,93,166,207,154
Cheol_006.jpg,185,134,211,140,93,211,63,48,39,11,97,63,87,107,39,39,162,107,126,62,115,155,130,126,130,141,95,37,83,141,118,98,99,76,113,129
Cheol_007.jpg,18,27,10,46,161,27,163,163,158,30,8,163,59,72,32,40,142,72,202,205,211,110,11,211,167,82,93,176,130,167,121,109,100,80,90,128
Cheol_008.jpg,232,165,241,146,80,241,68,48,43,6,94,68,166,48,144,156,181,166,207,89,208,150,146,208,114,125,63,35,126,125,157,95,139,98,125,161
Cheol_009.jpg,187,189,101,31,119,189,230,123,207,156,119,230,193,39,131,162,203,193,106,27,39,175,190,106,147,171,22,35,222,171,172,109,100,111,170,177
Cheol_010.jpg,194,193,193,0,1,194,23,26,9,35,167,26,163,12,32,176,236,163,223,59,74,177,188,223,73,97,44,44,139,97,135,77,70,86,146,140
Cheol_011.jpg,248,119,177,167,133,248,185,3,25,176,251,185,162,110,61,15,159,162,84,14,11,1,222,84,240,21,81,172,233,240,183,53,71,106,199,183
Cheol_012.jpg,218,59,48,2,199,218,19,33,9,48,185,33,140,24,15,2,228,140,52,85,47,56,114,85,211,153,116,12,115,211,128,70,47,24,168,137
Cheol_013.jpg,238,219,237,152,20,238,128,123,42,28,171,128,189,16,161,155,233,189,243,76,238,151,175,243,63,32,24,6,158,63,172,93,140,98,151,172
Cheol_014.jpg,175,63,165,153,163,175,60,67,34,36,126,67,218,150,228,146,87,228,113,81,99,163,72,113,199,108,204,148,120,204,153,93,146,129,113,157
Cheol_015.jpg,59,39,36,4,99,59,176,33,161,153,207,176,100,97,67,27,84,100,200,34,50,177,212,200,181,154,121,17,85,181,143,71,87,75,137,143
Cheol_016.jpg,205,92,232,144,154,232,60,52,55,169,34,60,147,19,147,150,222,147,112,106,99,16,30,112,186,43,205,147,202,205,142,62,147,125,128,151
Cheol_017.jpg,167,174,109,33,95,174,52,62,21,37,169,62,130,151,29,35,206,151,93,97,86,41,29,97,203,207,191,38,20,207,129,138,87,36,103,138
Cheol_018.jpg,208,55,195,153,188,208,98,110,50,36,139,110,151,151,110,30,69,151,63,50,34,17,117,63,129,170,24,38,219,170,129,107,82,54,146,140
Cheol_019.jpg,68,59,29,23,146,68,247,151,199,165,99,247,157,167,67,33,153,167,216,83,122,171,157,216,112,108,51,28,139,112,160,113,93,84,138,162
Cheol_020.jpg,210,24,131,163,226,210,246,165,241,152,84,246,239,73,209,155,177,239,81,44,48,177,116,81,157,122,103,11,88,157,186,85,146,131,138,186
Cheol_021.jpg,148,147,118,29,52,148,216,215,213,20,4,216,51,54,18,32,170,54,190,188,179,25,15,190,97,125,19,38,216,125,140,145,109,28,91,146
Cheol_022.jpg,94,125,71,47,110,125,171,163,170,154,12,171,25,36,24,58,85,36,217,209,217,150,9,217,53,80,44,52,115,80,112,122,105,92,66,125
Cheol_023.jpg,209,208,203,25,7,209,99,123,8,36,238,123,168,183,15,33,234,183,75,55,28,17,160,75,162,112,111,1,80,162,142,136,73,22,143,150
Cheol_024.jpg,102,96,72,24,75,102,224,213,196,18,32,224,145,136,117,20,49,145,41,40,22,28,118,41,185,175,156,20,40,185,139,132,112,22,62,139
Cheol_025.jpg,157,186,50,36,186,186,215,151,216,150,77,216,178,166,121,24,82,178,56,56,12,30,200,56,112,130,19,35,218,130,143,137,83,55,152,153
Cheol_026.jpg,112,115,107,41,18,115,0,0,0,0,0,0,201,200,205,126,6,205,246,245,244,15,2,246,176,178,183,111,10,183,147,147,147,58,7,149
Cheol_027.jpg,224,74,181,159,171,224,169,18,81,167,228,169,55,12,24,172,199,55,120,9,49,169,236,120,204,39,128,164,206,204,154,30,92,166,208,154
Cheol_028.jpg,186,58,146,159,175,186,57,54,22,27,157,57,175,170,111,28,93,175,237,158,227,154,85,237,118,116,50,29,147,118,154,111,111,79,131,154
Cheol_029.jpg,136,20,76,166,218,136,188,201,194,74,16,201,38,51,32,51,95,51,114,139,119,66,46,139,191,61,133,163,174,191,133,94,110,104,109,143
Cheol_030.jpg,252,145,176,171,108,252,160,141,47,25,180,160,60,9,3,3,242,60,240,75,93,177,175,240,180,15,15,0,234,180,178,77,66,75,187,178
Cheol_031.jpg,128,46,110,157,163,128,108,124,68,39,115,124,237,170,193,170,72,237,57,44,35,12,98,57,172,78,161,154,139,172,140,92,113,106,117,143
Cheol_032.jpg,147,14,129,154,231,147,222,147,224,149,88,224,153,133,62,23,152,153,74,31,28,2,159,74,179,68,183,149,160,183,155,78,125,95,158,156
Cheol_033.jpg,167,172,171,84,7,172,36,37,21,32,110,37,194,200,202,98,10,202,93,96,72,34,64,96,139,143,132,41,20,143,125,129,119,57,42,130
Cheol_034.jpg,161,48,137,156,179,161,58,55,45,23,57,58,118,110,92,21,56,118,225,142,219,152,94,225,201,83,188,153,150,201,152,87,136,101,107,152
Cheol_035.jpg,227,110,185,161,131,227,149,43,79,170,181,149,247,226,243,156,22,247,79,29,26,2,171,79,200,29,143,160,218,200,180,87,135,129,144,180
Cheol_036.jpg,25,34,10,41,180,34,134,154,92,40,103,154,243,130,202,161,119,243,59,85,20,42,195,85,91,126,36,42,182,126,110,105,72,65,155,128
Cheol_037.jpg,54,57,44,37,58,57,150,102,144,154,82,150,178,147,184,145,51,184,22,32,17,50,120,32,108,68,94,161,94,108,102,81,96,109,81,106
Cheol_038.jpg,9,46,14,64,205,46,247,234,153,26,97,247,64,115,25,47,200,115,237,198,72,23,178,237,182,158,42,25,196,182,147,150,61,37,175,165
Cheol_039.jpg,104,75,98,156,71,104,34,42,23,43,115,42,151,149,144,21,12,151,201,196,199,162,6,201,188,71,195,148,162,195,135,106,131,106,73,138
Cheol_040.jpg,221,89,204,154,152,221,87,66,41,16,135,87,182,162,109,22,102,182,174,38,132,159,199,174,138,127,70,25,126,138,160,96,111,75,142,160
Cheol_041.jpg,243,61,108,172,191,243,69,66,36,27,122,69,204,192,169,20,44,204,139,136,87,28,95,139,214,16,41,176,236,214,173,94,88,84,137,173
Cheol_042.jpg,141,21,126,154,217,141,31,29,27,15,33,31,207,54,216,148,191,216,217,165,228,145,70,228,105,124,95,50,60,124,140,78,138,102,114,148
Cheol_043.jpg,78,84,93,108,41,93,169,183,200,106,40,200,93,109,45,38,150,109,48,49,48,60,5,49,109,118,119,93,21,119,99,108,101,81,51,114
Cheol_044.jpg,39,55,22,45,153,55,187,191,193,100,8,193,86,89,44,32,129,89,170,85,99,175,128,170,14,20,8,45,153,20,99,88,73,79,114,105
Cheol_045.jpg,223,200,120,23,118,223,78,81,29,32,164,81,121,123,68,31,114,123,26,38,9,42,195,38,197,128,27,18,220,197,129,114,50,29,162,132
Cheol_046.jpg,200,188,151,23,62,200,70,85,72,64,45,85,243,195,241,151,50,243,236,97,196,159,150,236,131,139,112,39,50,139,176,140,154,87,71,180
Cheol_047.jpg,208,68,166,159,172,208,15,17,11,40,90,17,104,117,86,43,68,117,95,118,25,37,201,118,52,67,24,40,164,67,94,77,62,63,139,105
Cheol_048.jpg,165,164,79,30,133,165,108,98,48,25,142,108,219,142,207,155,90,219,57,58,16,31,185,58,181,97,162,157,118,181,146,111,102,79,133,146
Cheol_049.jpg,89,88,64,29,72,89,206,195,205,153,14,206,135,131,124,19,21,135,32,33,24,33,70,33,141,190,242,105,106,242,120,127,131,67,56,141
Jae_001.jpg,166,130,202,135,91,202,75,91,45,40,129,91,100,78,124,134,95,124,42,52,22,40,147,52,124,147,62,38,147,147,101,99,91,77,121,123
Jae_002.jpg,111,72,151,135,133,151,203,188,208,143,25,208,118,113,54,28,138,118,46,39,38,4,44,46,164,158,107,27,89,164,128,114,111,67,85,137
Jae_003.jpg,84,79,88,137,26,88,141,138,133,19,14,141,142,103,215,130,133,215,53,46,45,4,38,53,109,108,113,126,11,113,105,94,118,83,44,122
Jae_004.jpg,44,13,49,146,187,49,247,248,243,36,5,248,123,30,152,143,205,152,82,12,99,144,224,99,123,147,97,44,87,147,123,90,128,102,141,139
Jae_005.jpg,111,124,58,36,136,124,166,140,192,135,69,192,238,232,233,175,6,238,94,62,145,132,146,145,53,64,19,37,179,64,132,124,129,103,107,152
Jae_006.jpg,137,92,187,134,130,187,93,130,32,41,192,130,147,179,80,40,141,179,48,86,9,45,228,86,14,29,8,51,185,29,87,103,63,62,175,122
Jae_007.jpg,124,126,121,42,10,126,92,97,81,39,42,97,194,193,201,124,10,201,50,47,49,160,15,50,158,158,160,120,3,160,123,124,122,97,16,126
Jae_008.jpg,67,70,54,36,58,70,188,137,246,134,113,246,131,82,212,131,156,212,91,98,104,104,32,104,32,29,22,21,80,32,101,83,127,85,87,132
Jae_009.jpg,107,57,163,134,166,163,53,50,39,24,67,53,105,106,79,31,65,106,175,107,235,136,139,235,182,165,139,18,60,182,124,97,131,68,99,147
Jae_010.jpg,47,17,159,126,228,159,46,64,38,51,104,64,196,188,196,150,10,196,131,147,77,37,121,147,134,64,217,134,180,217,110,96,137,99,128,156
Jae_011.jpg,140,106,202,131,121,202,91,101,55,37,116,101,147,152,92,33,101,152,27,31,19,40,99,31,194,163,241,132,83,241,119,110,121,74,104,145
Jae_012.jpg,116,11,179,139,239,179,118,118,65,30,115,118,77,69,42,23,116,77,154,153,118,29,60,154,160,82,229,136,164,229,125,86,126,71,138,151
Jae_013.jpg,142,142,231,120,98,231,6,8,8,90,64,8,66,73,70,77,24,73,33,44,36,68,64,44,107,107,119,120,26,119,70,74,92,95,55,95
Jae_014.jpg,101,93,65,23,91,101,175,162,132,21,63,175,186,162,230,131,75,230,141,127,100,20,74,141,43,45,23,33,125,45,129,117,110,45,85,138
Jae_015.jpg,171,159,134,20,55,171,85,62,40,15,135,85,225,221,212,21,15,225,33,18,11,10,170,33,127,111,71,21,112,127,128,114,93,17,97,128
Jae_016.jpg,147,145,127,27,35,147,120,74,164,135,140,164,191,175,192,148,23,192,64,65,38,31,106,65,109,118,76,36,91,118,126,115,119,75,79,137
Jae_017.jpg,27,34,15,41,143,34,149,102,200,134,125,200,147,143,92,28,95,147,204,187,195,166,21,204,81,77,53,26,88,81,121,108,111,79,94,133
Jae_018.jpg,103,73,160,130,139,160,175,142,230,131,98,230,140,134,133,4,13,140,46,34,69,130,129,69,94,97,76,34,55,97,111,96,133,85,86,139
Jae_019.jpg,80,8,143,136,241,143,254,254,254,0,0,254,174,96,218,139,143,218,198,140,235,138,103,235,137,47,191,139,192,191,168,109,208,110,135,208
Jae_020.jpg,148,142,122,23,45,148,232,217,212,8,22,232,89,96,84,48,32,96,192,181,161,19,41,192,44,51,50,86,35,51,141,137,125,36,35,143
Jae_021.jpg,149,115,175,137,87,175,45,45,16,30,164,45,73,81,45,37,113,81,105,123,70,40,110,123,17,12,5,18,180,17,77,75,62,52,130,88
Jae_022.jpg,143,118,226,127,122,226,36,33,26,21,71,36,77,78,66,33,39,78,124,115,107,14,35,124,174,161,145,17,43,174,110,101,114,42,62,127
Jae_023.jpg,81,73,60,19,66,81,139,61,226,134,186,226,110,102,93,16,39,110,46,40,19,23,150,46,156,148,141,14,25,156,106,84,107,41,93,123
Jae_024.jpg,78,51,170,127,179,170,131,125,90,26,80,131,145,115,242,127,134,242,40,33,35,171,45,40,224,210,128,26,109,224,123,106,133,95,109,161
Jae_025.jpg,181,164,211,131,57,211,105,86,60,17,109,105,162,125,95,13,105,162,53,39,20,17,159,53,132,107,167,133,92,167,126,104,110,62,104,139
Jae_026.jpg,29,29,23,30,53,29,207,204,205,170,4,207,74,72,62,25,41,74,131,121,118,7,25,131,171,143,192,137,65,192,122,113,120,73,37,126
Jae_027.jpg,169,152,232,126,88,232,86,109,53,42,131,109,208,216,153,34,74,216,50,63,35,44,113,63,146,166,80,37,132,166,131,141,110,56,107,157
Jae_028.jpg,32,30,22,24,80,32,189,139,247,134,112,247,67,71,54,37,61,71,136,85,217,132,155,217,92,97,109,111,40,109,103,84,129,87,89,135
Jae_029.jpg,94,30,136,138,199,136,57,53,31,25,116,57,26,26,23,30,29,26,194,132,210,144,95,210,73,112,37,46,171,112,88,70,87,76,122,108
Jae_030.jpg,187,166,106,22,110,187,45,56,13,38,196,56,129,57,207,134,185,207,227,202,183,13,49,227,120,111,48,26,153,120,141,118,111,46,138,159
Jae_031.jpg,165,101,196,140,124,196,42,70,5,43,237,70,87,49,106,140,137,106,78,110,12,40,227,110,24,39,8,45,203,39,79,73,65,81,185,104
Jae_032.jpg,30,40,46,101,89,46,104,76,162,130,135,162,58,59,92,119,94,92,11,16,16,90,80,16,164,134,212,132,94,212,73,65,105,114,98,105
Jae_033.jpg,56,58,27,32,136,58,170,180,196,108,34,196,115,113,117,135,9,117,30,21,12,15,153,30,89,98,47,35,133,98,92,94,79,65,93,99
Jae_034.jpg,112,77,155,133,128,155,189,181,208,129,33,208,91,77,44,21,132,91,139,118,78,20,112,139,38,35,17,26,141,38,113,97,100,65,109,126
Jae_035.jpg,72,68,47,25,89,72,200,179,159,15,52,200,139,107,217,129,129,217,140,131,100,23,73,140,95,61,167,130,162,167,129,109,138,64,101,159
Jae_036.jpg,137,121,87,20,93,137,205,177,234,135,62,234,192,169,138,17,72,192,58,43,36,10,97,58,111,74,148,135,127,148,140,116,128,63,90,153
Jae_037.jpg,144,159,72,35,140,159,182,190,190,90,11,190,100,101,57,31,111,101,159,176,135,42,59,176,129,60,221,133,186,221,142,137,135,66,101,169
Jae_038.jpg,95,61,187,128,172,187,94,96,84,35,32,96,161,159,158,10,5,161,58,35,125,128,184,125,30,27,27,0,26,30,87,75,116,60,83,119
Jae_039.jpg,162,32,204,143,215,204,47,50,35,36,77,50,104,104,99,30,12,104,187,87,228,141,158,228,218,174,22,23,229,218,143,89,117,74,138,160
Jae_040.jpg,109,73,157,133,136,157,36,31,30,5,42,36,77,79,56,33,74,79,174,137,219,134,95,219,115,123,86,36,77,123,102,88,109,68,84,122
Jae_041.jpg,35,44,31,51,75,44,131,172,82,44,133,172,192,229,108,39,135,229,80,103,64,48,97,103,214,161,232,142,78,232,130,141,103,64,103,156
Jae_042.jpg,50,34,94,128,163,94,157,158,140,32,29,158,86,85,75,27,33,86,180,180,180,0,0,180,120,113,128,134,30,128,118,114,123,64,51,129
Jae_043.jpg,124,14,163,142,233,163,28,104,4,53,245,104,200,105,236,142,142,236,165,60,205,142,180,205,20,43,4,48,231,43,107,65,122,105,206,150
Jae_044.jpg,122,67,233,130,182,233,29,34,17,39,128,34,198,176,238,131,66,238,53,24,165,126,218,165,91,105,52,38,129,105,98,81,141,92,144,155
Jae_045.jpg,107,76,119,142,92,119,146,149,128,34,36,149,187,152,213,137,73,213,44,56,28,43,127,56,90,133,38,44,182,133,114,113,105,80,102,134
Jae_046.jpg,206,211,202,47,11,211,93,97,49,33,126,97,52,50,27,28,123,52,175,176,113,30,91,176,128,142,69,36,131,142,130,135,92,34,96,135
Jae_047.jpg,148,74,208,137,164,208,98,108,55,36,125,108,42,32,34,174,61,42,157,163,108,33,86,163,208,166,241,137,79,241,130,108,129,103,103,152
Jae_048.jpg,221,151,215,153,81,221,85,113,132,102,91,132,40,46,26,39,111,46,73,80,47,36,105,80,135,111,102,8,62,135,110,100,104,67,90,122
Jae_049.jpg,199,120,207,147,107,207,144,45,138,152,175,144,29,29,11,30,158,29,206,202,59,29,182,206,99,117,45,38,157,117,135,102,92,79,155,140
Jae_050.jpg,128,123,202,122,100,202,34,52,15,45,181,52,139,172,62,39,163,172,207,215,191,40,28,215,84,116,32,41,185,116,118,135,100,57,131,151
Jae_051.jpg,177,135,198,140,81,198,33,35,23,35,87,35,106,72,129,138,113,129,139,99,164,138,101,164,67,68,48,32,75,68,104,81,112,96,91,118
Jae_052.jpg,84,78,174,122,141,174,159,157,243,121,90,243,65,91,27,42,179,91,13,15,9,40,102,15,114,140,72,41,124,140,87,96,105,73,127,132
Jae_053.jpg,163,85,189,143,140,189,34,27,17,18,128,34,162,146,96,23,104,162,214,194,174,15,48,214,102,92,50,24,130,102,135,108,105,44,110,140
Jae_054.jpg,171,159,134,20,55,171,85,62,40,15,135,85,225,221,212,21,15,225,33,18,11,10,170,33,127,111,71,21,112,127,128,114,93,17,97,128
Jae_055.jpg,78,51,170,127,179,170,131,125,90,26,80,131,145,115,242,127,134,242,40,33,35,171,45,40,224,210,128,26,109,224,123,106,133,95,109,161
Jae_056.jpg,216,193,235,136,46,235,234,228,229,175,7,234,191,159,217,137,68,217,132,109,102,7,58,132,168,136,180,142,62,180,188,165,192,119,48,199
Jin_001.jpg,206,106,185,156,124,206,122,95,75,13,98,122,72,55,37,15,124,72,175,68,138,160,156,175,234,162,224,154,78,234,161,97,131,99,116,161
Jin_002.jpg,111,119,41,33,167,119,208,85,155,163,151,208,228,135,202,158,104,228,45,41,14,26,176,45,162,46,94,168,183,162,150,85,101,109,156,152
Jin_003.jpg,237,188,242,147,57,242,121,113,93,21,59,121,84,76,45,24,118,84,220,132,201,156,102,220,153,146,125,23,47,153,163,131,141,74,76,164
Jin_004.jpg,236,187,231,153,53,236,163,50,121,161,177,163,67,77,15,35,205,77,214,133,200,155,97,214,186,91,165,157,130,186,173,107,146,132,132,175
Jin_005.jpg,201,112,141,170,113,201,34,76,18,52,195,76,232,174,200,167,64,232,113,114,77,31,83,114,196,49,74,175,191,196,155,105,102,119,129,163
Jin_006.jpg,228,162,237,146,81,237,153,156,70,31,141,156,141,40,139,151,183,141,195,85,204,148,149,204,57,40,35,7,98,57,154,96,137,96,130,159
Jin_007.jpg,188,101,171,156,118,188,51,54,23,33,146,54,112,123,53,35,145,123,221,159,217,152,72,221,157,54,122,160,167,157,145,98,117,107,129,148
Jin_008.jpg,181,93,174,152,124,181,22,23,1,31,244,23,120,73,55,8,138,120,232,184,234,149,54,234,79,61,17,21,200,79,126,86,96,72,152,127
Jin_009.jpg,221,138,243,144,110,243,45,56,42,54,64,56,149,87,155,147,112,155,74,92,76,63,50,92,187,103,210,144,130,210,135,95,145,110,93,151
Jin_010.jpg,238,62,130,168,189,238,98,121,80,47,86,121,249,110,189,163,142,249,189,20,68,171,228,189,50,51,27,31,120,51,164,72,98,116,153,169
Jin_011.jpg,135,38,167,143,197,167,184,92,227,140,152,227,165,128,136,174,57,165,92,98,95,75,16,98,59,20,67,145,179,67,127,75,138,135,120,144
Jin_012.jpg,189,98,162,159,123,189,32,41,13,40,174,41,91,104,34,36,172,104,227,178,228,149,56,228,159,171,56,33,171,171,139,118,98,83,139,146
Jin_013.jpg,189,97,203,146,133,203,65,71,39,36,115,71,26,38,9,42,195,38,114,117,72,32,98,117,136,69,166,141,149,166,106,78,97,79,138,119
Jin_014.jpg,223,74,192,156,170,223,85,57,28,15,171,85,247,159,232,155,91,247,174,41,133,159,195,174,167,149,96,22,108,167,179,96,136,101,147,179
Jin_015.jpg,62,37,29,7,136,62,231,162,213,158,76,231,170,146,123,15,71,170,116,86,72,10,97,116,199,90,175,157,140,199,155,104,122,69,104,155
Jin_016.jpg,200,65,214,147,178,214,60,95,3,41,247,95,134,32,123,153,194,134,102,150,33,42,199,150,32,48,2,40,244,48,105,78,75,84,212,128
Jin_017.jpg,238,192,238,150,49,238,146,84,141,152,108,146,84,118,24,41,203,118,198,130,207,147,95,207,24,46,12,49,188,46,138,114,124,107,128,151
Jin_018.jpg,227,96,132,172,147,227,52,77,44,53,109,77,210,16,78,170,236,210,149,6,31,175,245,149,118,90,73,11,97,118,151,57,71,116,166,156
Jin_019.jpg,206,100,207,150,132,207,143,153,114,38,65,153,235,134,247,147,117,247,158,88,151,153,113,158,90,103,45,37,144,103,166,115,152,105,114,173
Jin_020.jpg,154,134,152,153,33,154,31,25,24,4,58,31,168,198,231,106,70,231,112,96,103,167,36,112,71,63,61,6,36,71,107,103,114,87,46,119
Jin_021.jpg,190,122,189,150,91,190,78,41,61,164,121,78,225,173,230,147,63,230,149,73,138,154,130,149,121,135,62,36,138,135,152,108,136,130,108,156
Jin_022.jpg,214,34,148,161,214,214,143,118,90,16,95,143,195,209,227,107,36,227,153,8,83,164,242,153,72,30,26,3,163,72,155,79,114,90,150,161
Jin_023.jpg,100,72,82,169,71,100,208,159,203,153,60,208,76,96,39,41,151,96,129,133,101,34,61,133,38,40,14,32,166,40,110,100,87,85,101,115
Jin_024.jpg,247,100,162,167,152,247,96,78,55,17,109,96,197,56,111,168,183,197,39,36,13,27,170,39,190,166,84,23,142,190,153,87,85,80,151,153
Jin_025.jpg,115,35,67,168,177,115,36,11,17,173,177,36,214,109,157,166,125,214,173,68,112,167,155,173,245,190,218,165,57,245,156,82,114,167,138,156
Jin_026.jpg,101,72,83,169,73,101,208,160,204,153,59,208,130,133,101,33,61,133,76,96,39,41,151,96,38,40,15,32,159,40,110,100,88,85,100,115
Jin_027.jpg,205,107,194,153,122,205,52,46,31,21,103,52,228,159,227,150,77,228,164,70,142,157,146,164,105,78,69,7,87,105,150,92,132,97,107,150
Jin_028.jpg,183,166,236,127,76,236,71,59,35,20,129,71,160,131,199,133,87,199,119,79,141,139,112,141,144,119,94,15,89,144,135,110,141,86,98,158
Jin_029.jpg,226,96,132,172,147,226,52,77,44,53,109,77,209,16,77,171,236,209,148,6,31,175,245,148,118,90,72,12,99,118,150,57,71,116,167,155
Jin_030.jpg,189,98,161,159,123,189,87,100,32,36,173,100,157,170,55,33,173,170,227,178,227,150,55,227,31,40,13,40,172,40,138,117,97,83,139,145
Jin_031.jpg,210,187,167,14,52,210,23,32,23,60,72,32,60,93,58,58,96,93,217,149,86,14,154,217,101,136,99,58,69,136,122,119,86,40,88,137
Jin_032.jpg,232,177,226,153,60,232,170,63,138,159,161,170,118,127,47,33,161,127,199,108,181,156,117,199,53,58,11,33,207,58,154,106,120,106,141,157
Jin_033.jpg,197,107,208,147,124,208,122,94,75,12,98,122,65,43,27,13,149,65,96,67,46,13,133,96,165,63,158,152,158,165,129,74,102,67,132,131
Jin_034.jpg,241,45,144,165,207,241,153,168,97,36,108,168,204,12,69,171,240,204,251,111,207,159,142,251,77,74,42,27,116,77,185,82,111,111,162,188
Jin_035.jpg,252,110,204,160,144,252,118,14,44,171,225,118,238,22,102,169,231,238,185,17,71,170,232,185,250,55,148,166,199,250,208,43,113,167,206,208
Jin_036.jpg,237,144,238,150,101,238,169,79,146,158,136,169,195,92,181,154,135,195,219,111,213,152,126,219,136,68,97,167,128,136,191,98,175,156,125,191
Jin_037.jpg,162,85,162,150,121,162,105,79,80,179,63,105,201,157,187,160,56,201,145,123,110,11,62,145,62,51,42,14,82,62,135,99,116,102,76,135
Jin_038.jpg,161,74,139,158,138,161,72,68,28,27,156,72,157,159,79,31,128,159,222,161,219,151,70,222,118,123,46,32,160,123,146,117,102,79,130,147
Jin_039.jpg,202,163,220,141,66,220,23,23,11,30,133,23,145,162,53,35,172,162,80,77,34,28,147,80,131,70,154,142,139,154,116,99,94,75,131,127
Jin_040.jpg,91,112,26,37,196,112,235,32,110,168,220,235,150,15,40,174,229,150,48,48,16,30,170,48,147,167,61,36,162,167,134,74,50,89,195,142
Jin_041.jpg,176,176,143,30,48,176,129,133,26,31,205,133,223,227,227,90,4,227,57,62,22,34,165,62,114,117,83,33,74,117,139,143,100,43,99,143
Jin_042.jpg,240,94,167,165,155,240,44,49,20,35,151,49,166,176,133,37,62,176,103,112,57,35,125,112,226,194,209,166,36,226,155,125,117,87,105,160
Jin_043.jpg,154,50,71,174,172,154,50,56,26,36,137,56,221,196,208,166,29,221,108,121,80,40,86,121,201,96,126,171,133,201,146,103,102,117,111,150
Jin_044.jpg,214,156,212,151,69,214,65,90,39,45,144,90,146,166,92,38,114,166,107,138,53,41,157,138,43,67,21,46,175,67,115,123,83,64,131,135
Jin_045.jpg,239,49,138,166,203,239,67,52,51,2,61,67,251,85,203,159,169,251,119,163,146,78,69,163,190,25,74,171,221,190,173,74,122,115,144,182
Jin_046.jpg,226,183,192,174,49,226,25,15,5,15,204,25,170,112,115,178,87,170,117,79,60,10,124,117,73,48,24,15,171,73,122,87,79,78,127,122
Jin_047.jpg,138,141,135,45,11,141,204,211,211,90,8,211,20,24,13,41,117,24,48,64,43,53,84,64,170,177,178,94,11,178,116,123,116,64,46,123
Jin_048.jpg,226,178,214,158,54,226,160,48,93,168,179,160,139,172,219,108,93,219,163,202,244,106,85,244,200,114,177,158,110,200,177,142,189,139,104,209
Jin_049.jpg,70,65,37,25,120,70,185,176,160,19,34,185,219,215,207,20,14,219,13,12,4,27,177,13,202,162,72,21,164,202,137,126,96,22,101,137
Jin_050.jpg,50,53,21,33,154,53,143,68,169,142,152,169,96,110,38,36,167,110,133,136,115,34,39,136,186,127,217,140,106,217,121,98,112,77,123,137
Jin_051.jpg,201,61,178,155,178,201,48,42,21,23,143,48,239,122,226,153,125,239,103,101,41,29,154,103,132,29,112,156,199,132,144,71,115,103,159,144
Jin_052.jpg,243,167,162,2,85,243,218,76,69,1,174,218,238,121,114,2,133,238,98,17,6,4,239,98,171,38,25,3,218,171,193,83,75,2,169,193
Jin_053.jpg,216,99,145,168,138,216,146,121,56,22,157,146,197,187,189,174,13,197,96,48,17,12,210,96,185,45,85,171,193,185,168,100,98,109,142,168
Jin_054.jpg,182,93,175,152,125,182,80,61,17,21,201,80,121,73,55,8,139,121,232,184,234,149,54,234,22,24,1,33,244,24,127,87,96,72,152,128
Jin_055.jpg,208,46,133,164,199,208,1,6,9,101,227,9,6,43,53,96,226,53,233,93,191,159,153,233,19,70,11,56,215,70,93,51,79,115,204,114
Jin_056.jpg,44,52,21,38,152,52,178,123,187,146,87,187,230,211,230,150,21,230,96,112,48,38,146,112,150,163,102,36,95,163,139,132,117,81,100,148
Jin_057.jpg,187,104,195,147,119,195,229,176,233,148,62,233,132,167,82,42,130,167,86,117,28,40,194,117,48,64,18,40,183,64,136,125,111,83,137,155
Jin_058.jpg,207,191,220,137,34,220,16,22,5,41,197,22,56,103,16,46,215,103,158,61,111,165,157,158,182,135,172,156,66,182,123,102,104,109,133,137
Jin_059.jpg,172,50,81,172,181,172,63,40,22,13,166,63,229,172,201,165,63,229,219,94,137,170,146,219,105,100,54,27,124,105,157,91,99,109,136,157
Jin_060.jpg,201,161,172,172,51,201,110,11,33,173,229,110,219,185,200,167,40,219,175,79,103,173,140,175,235,214,223,167,23,235,188,130,146,170,96,188
Jin_061.jpg,221,197,216,156,28,221,165,71,103,170,145,165,186,107,154,162,108,186,204,150,189,158,68,204,121,26,34,177,200,121,179,110,139,164,109,179
Jin_062.jpg,225,147,198,160,88,225,63,61,47,26,65,63,198,47,115,166,194,198,108,109,96,32,30,109,27,24,17,21,94,27,124,77,94,81,94,124
Jin_063.jpg,185,134,211,140,93,211,63,48,39,11,97,63,87,107,39,39,162,107,126,62,115,155,130,126,130,141,95,37,83,141,118,98,99,76,113,129
Jin_064.jpg,198,114,147,168,108,198,10,19,5,49,188,19,54,91,18,45,205,91,93,116,46,40,154,116,24,50,9,49,209,50,75,78,45,70,172,94
Jin_065.jpg,236,172,189,172,69,236,47,44,33,24,76,47,176,72,93,174,151,176,115,124,74,35,103,124,214,116,141,172,117,214,157,105,106,115,103,159
Jin_066.jpg,238,216,242,145,27,242,114,89,79,9,78,114,212,150,200,156,75,212,173,116,148,163,84,173,60,48,29,18,132,60,159,123,139,98,79,160
Jin_067.jpg,214,102,132,172,133,214,59,60,23,31,157,60,239,171,210,163,73,239,158,56,58,179,165,158,19,18,7,28,161,19,137,81,86,114,137,138
Jin_068.jpg,201,203,210,113,11,210,162,147,127,17,55,162,246,117,228,154,134,246,188,186,183,18,7,188,126,61,42,7,170,126,184,142,158,61,75,186
Jin_069.jpg,223,80,177,160,164,223,117,86,71,10,100,117,131,147,38,34,189,147,175,163,112,24,92,175,30,26,13,23,145,30,135,100,82,50,138,138
Jin_070.jpg,207,92,177,158,142,207,116,66,59,4,125,116,34,33,13,29,158,34,189,48,128,163,190,189,223,145,212,154,89,223,153,76,117,101,140,153
Jin_071.jpg,152,20,58,171,221,152,94,115,13,36,226,115,243,112,156,170,137,243,31,41,10,40,193,41,157,152,55,29,166,157,135,88,58,89,188,141
Jin_072.jpg,214,143,186,162,85,214,55,38,40,176,79,55,253,253,253,0,0,253,164,96,133,164,106,164,111,69,86,168,96,111,159,119,139,134,73,159
Jin_073.jpg,203,157,158,179,58,203,32,20,17,6,120,32,181,99,106,177,116,181,159,39,43,179,192,159,239,220,217,4,23,239,162,107,108,109,101,162
Jin_074.jpg,223,86,138,169,157,223,164,29,61,173,210,164,145,171,106,42,97,171,81,64,23,21,183,81,241,193,215,166,51,241,170,108,108,114,139,176
Jin_075.jpg,188,142,174,159,62,188,144,124,122,3,39,144,216,209,213,163,8,216,56,43,31,14,114,56,101,88,75,15,66,101,141,121,123,70,57,141
Jin_076.jpg,189,97,203,146,133,203,65,71,39,36,115,71,26,38,9,42,195,38,114,117,72,32,98,117,136,69,166,141,149,166,106,78,97,79,138,119
Jin_077.jpg,237,144,238,150,101,238,169,79,146,158,136,169,195,92,181,154,135,195,219,111,213,152,126,219,136,68,97,167,128,136,191,98,175,156,125,191
Jin_078.jpg,199,158,186,160,53,199,51,65,36,44,114,65,27,30,18,38,102,30,85,96,59,39,98,96,152,113,129,168,65,152,102,92,85,89,86,108
Jin_079.jpg,89,114,93,65,56,114,23,30,24,64,60,30,188,149,198,144,63,198,161,23,90,165,219,161,179,74,162,155,150,179,128,78,113,118,109,136
Jin_080.jpg,229,40,201,154,210,229,14,19,6,42,174,19,240,113,244,149,137,244,158,191,128,46,84,191,65,92,45,47,130,92,141,91,124,87,147,155
Jin_081.jpg,62,37,29,7,136,62,231,162,213,158,76,231,170,146,123,15,71,170,116,86,72,10,97,116,199,90,175,157,140,199,155,104,122,69,104,155
Jin_082.jpg,51,25,21,4,150,51,249,122,181,166,130,249,240,80,133,170,170,240,194,53,84,173,185,194,124,43,46,179,167,124,171,64,93,138,160,171
Jin_083.jpg,232,155,221,154,85,232,85,85,73,30,36,85,39,40,29,33,70,40,194,67,164,157,167,194,146,151,148,72,8,151,139,99,127,89,73,140
Jin_084.jpg,198,116,186,154,106,198,73,83,30,36,163,83,225,165,222,152,68,225,144,42,101,163,181,144,164,84,137,160,124,164,160,98,135,133,128,162
Jin_085.jpg,218,73,68,1,175,218,33,28,13,23,155,33,178,163,158,8,29,178,94,101,96,69,18,101,141,13,18,179,232,141,132,75,70,56,121,134
Jin_086.jpg,217,140,74,14,168,217,20,13,2,18,230,20,251,229,216,11,36,251,241,189,144,14,103,241,181,56,32,5,210,181,182,125,93,12,149,182
Jin_087.jpg,91,112,26,37,196,112,235,32,110,168,220,235,150,15,40,174,229,150,48,48,16,30,170,48,147,167,61,36,162,167,134,74,50,89,195,142
Tulip_001.jpg,235,168,19,21,234,235,238,26,20,1,234,238,243,241,230,25,14,243,134,142,24,32,212,142,185,178,118,27,92,185,207,151,82,21,157,208
Tulip_002.jpg,38,46,27,43,105,46,234,169,181,174,71,234,172,153,127,17,67,172,102,108,63,34,106,108,198,65,105,171,171,198,148,108,100,87,104,151
Tulip_003.jpg,130,126,84,27,90,130,224,78,56,4,191,224,232,136,71,12,177,232,60,90,51,53,110,90,161,36,39,179,198,161,161,93,60,55,153,167
Tulip_004.jpg,85,122,70,51,109,122,223,37,37,0,213,223,245,83,93,178,169,245,57,82,41,48,128,82,120,155,104,51,84,155,146,95,69,65,140,165
Tulip_005.jpg,228,112,149,170,130,228,70,113,19,44,212,113,203,202,199,23,5,203,144,180,93,42,123,180,224,222,226,135,5,226,173,165,137,82,95,190
Tulip_006.jpg,220,34,27,1,224,220,59,67,24,36,164,67,239,98,131,173,150,239,112,139,69,42,128,139,244,164,23,19,231,244,174,100,54,54,179,181
Tulip_007.jpg,32,41,10,39,193,41,212,122,45,14,201,212,104,122,79,43,90,122,161,19,23,179,225,161,220,190,166,13,63,220,145,98,64,57,154,151
Tulip_008.jpg,195,195,191,30,5,195,144,22,29,178,216,144,49,84,36,52,146,84,197,58,68,178,180,197,109,129,124,83,40,129,138,97,89,104,117,149
Tulip_009.jpg,242,219,53,26,199,242,254,254,254,0,0,254,198,155,11,23,241,198,87,106,38,38,164,106,160,185,75,37,152,185,188,183,86,24,151,197
Tulip_010.jpg,177,49,26,5,218,177,241,140,23,16,231,241,184,193,135,35,77,193,47,60,20,40,170,60,100,120,45,38,159,120,149,112,49,26,171,158
Tulip_011.jpg,224,3,12,179,252,224,245,245,244,30,1,245,139,1,2,0,253,139,56,94,5,43,241,94,228,132,134,179,107,228,178,95,79,86,170,186
Tulip_012.jpg,186,31,28,1,217,186,162,197,250,108,90,250,207,190,166,18,51,207,127,129,87,31,83,129,70,78,30,35,157,78,150,125,112,38,119,170
Tulip_013.jpg,162,154,106,26,88,162,216,21,16,1,236,216,214,210,218,135,9,218,96,104,23,33,199,104,245,89,56,5,197,245,186,115,83,40,145,189
Tulip_014.jpg,247,117,35,12,219,247,109,116,35,33,178,116,166,137,48,23,181,166,234,45,19,4,234,234,88,58,10,18,226,88,168,94,29,18,207,170
Tulip_015.jpg,159,35,38,179,199,159,222,75,56,3,191,222,130,126,84,27,90,130,60,90,51,53,110,90,232,134,71,12,177,232,160,92,60,54,153,166
Tulip_016.jpg,215,135,53,15,192,215,37,44,16,38,162,44,155,17,4,3,248,155,231,199,118,21,125,231,68,78,45,39,108,78,141,94,47,23,167,144
Tulip_017.jpg,227,203,202,1,28,227,109,119,63,35,120,119,194,52,89,172,187,194,239,198,39,24,213,239,65,41,24,12,161,65,166,122,83,48,141,168
Tulip_018.jpg,213,25,28,0,225,213,212,187,159,16,64,212,15,20,8,43,153,20,62,73,31,38,147,73,123,139,82,38,105,139,125,88,61,27,138,131
Tulip_019.jpg,175,130,7,22,245,175,35,55,7,43,223,55,218,182,45,24,202,218,218,211,145,27,85,218,103,117,45,36,157,117,149,139,49,30,182,156
Tulip_020.jpg,206,194,14,28,238,206,109,120,9,33,236,120,178,150,98,20,115,178,246,215,155,20,94,246,232,47,43,1,208,232,194,145,63,20,178,196
Tulip_021.jpg,219,54,68,177,192,219,43,43,27,30,95,43,211,176,97,21,138,211,164,46,44,1,187,164,79,89,57,39,92,89,143,81,58,53,140,145
Tulip_022.jpg,234,175,16,22,238,234,60,67,5,33,236,67,201,190,173,18,36,201,200,61,46,3,196,200,121,132,38,34,182,132,163,125,55,22,177,166
Tulip_023.jpg,247,33,3,4,252,247,172,170,5,30,248,172,169,160,53,28,175,169,130,133,10,31,236,133,176,1,0,0,255,176,178,99,14,18,233,179
Tulip_024.jpg,79,20,21,179,190,79,182,143,127,9,77,182,165,76,74,1,141,165,29,26,15,24,123,29,139,33,35,179,194,139,118,59,54,78,145,118
Tulip_025.jpg,197,155,153,1,57,197,73,78,25,33,173,78,222,212,218,162,11,222,154,138,88,23,109,154,116,111,54,28,136,116,152,138,107,49,97,153
Tulip_026.jpg,244,65,44,3,209,244,32,29,18,24,112,32,178,167,21,28,225,178,96,90,36,27,159,96,220,185,112,20,125,220,154,107,46,20,166,154
Tulip_027.jpg,240,115,18,13,236,240,59,58,18,29,177,59,219,43,14,4,239,219,251,182,52,20,202,251,160,19,5,3,247,160,185,83,21,13,220,185
Tulip_028.jpg,222,178,20,23,232,222,70,69,38,29,117,70,160,92,21,15,222,160,176,154,125,17,74,176,13,19,6,44,174,19,128,102,42,25,163,129
Tulip_029.jpg,200,30,29,0,218,200,59,50,9,25,216,59,185,185,165,30,28,185,232,129,51,13,199,232,117,120,37,31,176,120,158,102,58,19,167,159
Tulip_030.jpg,228,226,227,165,2,228,122,83,47,14,157,122,204,163,162,1,53,204,53,69,19,40,185,69,166,110,97,6,106,166,154,130,110,45,100,157
Tulip_031.jpg,210,224,181,40,49,224,104,151,27,41,209,151,123,122,134,123,23,134,44,100,4,48,245,100,156,184,95,39,123,184,127,156,88,58,129,158
Tulip_032.jpg,172,117,141,167,82,172,63,72,37,38,124,72,114,66,85,168,107,114,224,190,209,163,39,224,23,38,10,46,188,38,119,96,96,116,108,124
Tulip_033.jpg,211,210,204,26,8,211,66,52,3,23,243,66,128,101,108,172,54,128,64,66,71,111,25,71,166,132,18,23,227,166,127,112,80,71,111,128
Tulip_034.jpg,200,59,84,175,180,200,145,143,134,25,19,145,83,81,78,18,15,83,193,189,185,15,11,193,101,128,29,38,197,128,144,120,102,54,84,149
Tulip_035.jpg,206,215,205,57,12,215,41,48,29,41,101,48,173,180,155,38,35,180,129,130,102,31,55,130,68,79,52,42,87,79,123,130,108,41,58,130
Tulip_036.jpg,182,38,20,3,227,182,19,34,12,50,165,34,211,171,125,16,104,211,74,103,7,39,238,103,113,109,96,23,38,113,119,91,52,26,154,128
Tulip_037.jpg,179,183,105,32,109,183,241,230,224,11,18,241,123,128,73,33,110,128,251,86,109,176,168,251,238,171,166,2,77,238,206,159,135,50,96,208
Tulip_038.jpg,17,54,5,53,231,54,244,168,7,20,248,244,4,24,1,56,244,24,57,128,26,51,203,128,140,91,5,19,246,140,92,93,8,39,234,118
Tulip_039.jpg,211,103,27,12,222,211,41,49,29,42,104,49,247,193,90,20,162,247,148,47,15,7,229,148,86,93,53,35,110,93,146,97,42,23,165,149
Tulip_040.jpg,213,25,28,0,225,213,212,187,159,16,64,212,15,20,8,43,153,20,62,73,31,38,147,73,123,139,82,38,105,139,125,88,61,27,138,131
Tulip_041.jpg,222,58,150,163,188,222,167,188,83,36,142,188,220,223,134,31,102,223,239,225,225,0,15,239,119,163,36,40,199,163,193,171,125,54,129,207
Tulip_042.jpg,148,75,101,169,126,148,28,26,11,26,155,28,231,211,224,161,22,231,105,41,50,176,155,105,189,133,161,165,76,189,140,97,109,139,106,140
Tulip_043.jpg,73,118,62,54,121,118,232,216,232,150,18,232,188,72,179,152,157,188,132,123,108,19,46,132,48,83,52,63,108,83,134,122,126,87,90,150
Tulip_044.jpg,156,150,143,16,21,156,90,118,27,39,197,118,45,73,6,43,234,73,202,209,207,81,9,209,125,102,96,6,59,125,123,130,95,37,104,136
Tulip_045.jpg,171,25,42,177,218,171,19,52,45,84,162,52,206,75,99,175,162,206,102,12,13,0,225,102,199,167,186,162,41,199,139,66,77,119,161,146
Tulip_046.jpg,129,4,2,0,251,129,133,113,58,22,144,133,216,187,173,10,51,216,24,38,5,43,221,38,177,2,1,0,254,177,135,68,47,15,184,138
Tulip_047.jpg,20,23,23,90,33,23,246,198,247,149,51,247,137,81,132,153,104,137,79,100,70,51,77,100,174,211,163,53,58,211,131,122,127,99,64,143
Tulip_048.jpg,69,65,47,25,81,69,191,41,69,174,200,191,128,112,111,2,34,128,142,4,30,174,248,142,222,166,196,164,64,222,150,77,90,107,125,150
Tulip_049.jpg,201,84,98,176,148,201,37,30,12,22,172,37,105,75,37,17,165,105,127,111,89,17,76,127,181,157,149,8,45,181,130,91,77,48,121,130
Tulip_050.jpg,236,168,205,164,73,236,78,79,73,35,19,79,101,101,103,120,5,103,199,109,133,172,115,199,160,91,48,12,179,160,154,109,112,100,78,155
Tulip_051.jpg,142,4,1,1,253,142,225,189,149,16,86,225,37,34,3,27,234,37,236,41,8,4,246,236,139,117,67,21,132,139,155,77,45,13,190,155
Tulip_052.jpg,168,34,20,3,225,168,190,190,192,120,3,192,42,59,15,42,190,59,104,104,80,30,59,104,210,126,65,13,176,210,142,102,74,41,130,146
Tulip_053.jpg,182,169,178,159,18,182,29,11,7,5,193,29,118,87,81,5,80,118,137,132,137,150,9,137,79,48,28,12,165,79,109,89,86,66,93,109
Tulip_054.jpg,237,121,110,3,137,237,73,77,44,34,109,77,100,120,75,43,96,120,37,31,20,19,117,37,201,45,34,2,212,201,129,78,56,20,134,134
Tulip_055.jpg,216,121,32,15,217,216,177,172,129,27,69,177,41,61,20,45,171,61,85,119,47,44,154,119,131,150,89,39,104,150,130,124,63,34,143,144
Tulip_056.jpg,206,32,44,178,215,206,32,38,24,43,94,38,188,199,118,34,104,199,121,144,95,44,87,144,75,82,62,41,62,82,124,99,68,68,112,133
Tulip_057.jpg,159,139,130,9,47,159,24,37,3,41,234,37,218,190,188,2,35,218,56,71,22,39,176,71,118,94,71,15,102,118,115,106,82,21,118,120
Tulip_058.jpg,235,178,37,21,215,235,217,217,198,30,22,217,62,80,31,41,156,80,192,112,12,17,239,192,122,136,98,41,71,136,165,144,75,30,140,172
Tulip_059.jpg,62,63,35,31,113,63,117,145,116,59,51,145,242,125,96,6,154,242,219,207,199,12,23,219,193,20,7,2,246,193,166,112,90,22,117,172
Tulip_060.jpg,35,37,32,42,34,37,187,137,143,176,68,187,173,121,14,20,234,173,141,75,102,168,119,141,86,44,61,168,125,86,124,82,70,114,116,124
Tulip_061.jpg,103,152,99,58,89,152,18,39,29,76,137,39,218,198,129,23,104,218,60,80,75,83,64,80,243,67,104,174,185,243,128,107,87,82,115,146
Tulip_062.jpg,172,32,21,2,224,172,35,47,20,43,146,47,82,131,32,45,193,131,187,110,173,155,105,187,238,105,25,11,228,238,142,85,54,51,179,155
Tulip_063.jpg,203,61,71,178,178,203,242,172,120,13,129,242,230,118,82,7,164,230,110,120,83,38,79,120,164,14,42,174,233,164,189,97,79,82,156,191
Tulip_064.jpg,243,193,27,23,227,243,47,38,8,23,212,47,249,243,132,28,120,249,232,80,6,10,248,232,149,45,3,9,250,149,184,119,35,18,211,184
Tulip_065.jpg,202,204,209,111,9,209,35,18,14,6,153,35,131,20,22,179,216,131,55,59,49,42,43,59,113,121,111,54,21,121,107,84,81,78,88,111
Tulip_066.jpg,210,224,181,40,49,224,104,151,27,41,209,151,123,122,134,123,23,134,44,100,4,48,245,100,156,184,95,39,123,184,127,156,88,58,129,158
Tulip_067.jpg,228,139,180,166,100,228,117,15,46,171,222,117,153,15,88,164,230,153,248,188,219,165,62,248,212,86,148,165,152,212,191,88,136,166,153,191
Tulip_068.jpg,84,71,39,21,137,84,180,199,233,109,58,233,159,66,13,11,234,159,35,45,17,41,159,45,201,140,27,19,221,201,131,104,65,40,161,144
Tulip_069.jpg,236,70,66,1,184,236,123,114,70,25,110,123,195,9,16,179,243,195,223,212,198,17,29,223,69,62,23,25,170,69,169,93,74,49,147,169
Tulip_070.jpg,233,121,123,179,123,233,34,88,50,69,156,88,61,140,105,77,144,140,171,210,204,85,47,210,192,32,50,177,213,192,138,118,106,117,136,172
Tulip_071.jpg,202,199,192,21,13,202,84,70,53,16,94,84,150,136,127,12,39,150,143,15,14,0,230,143,26,19,11,16,147,26,121,87,79,13,104,121
Tulip_072.jpg,134,134,66,30,129,134,252,202,13,24,242,252,252,229,130,24,123,252,80,92,29,36,175,92,221,160,6,22,248,221,187,163,48,27,183,190
Tulip_073.jpg,231,225,216,18,17,231,28,30,21,37,77,30,132,132,126,30,12,132,180,177,172,19,11,180,80,81,63,32,57,81,130,129,119,27,34,130
Tulip_074.jpg,101,47,42,3,149,101,53,40,23,17,144,53,199,91,78,3,155,199,154,44,41,1,187,154,143,75,65,4,139,143,130,59,49,5,154,130
Tulip_075.jpg,224,3,12,179,252,224,245,245,244,30,1,245,139,1,2,0,253,139,56,94,5,43,241,94,228,132,134,179,107,228,178,95,79,86,170,186
Tulip_076.jpg,149,63,58,2,156,149,89,16,18,179,209,89,222,141,102,10,138,222,45,47,22,32,136,47,9,6,5,8,113,9,102,54,41,46,150,103
Tulip_077.jpg,249,241,91,28,162,249,62,70,51,43,69,70,247,203,27,24,227,247,197,124,23,17,225,197,21,17,11,18,121,21,155,131,40,26,160,156
Tulip_078.jpg,117,164,214,105,116,214,168,151,96,23,109,168,224,227,238,114,15,238,189,33,25,1,221,189,44,56,20,40,164,56,148,126,118,56,125,173
Tulip_079.jpg,233,121,123,179,123,233,34,88,50,69,156,88,61,140,105,77,144,140,171,210,204,85,47,210,192,32,50,177,213,192,138,118,106,117,136,172
Tulip_080.jpg,241,176,29,21,224,241,155,20,7,3,243,155,207,28,37,178,221,207,58,41,1,21,251,58,212,131,4,18,250,212,174,79,15,48,237,174
Tulip_081.jpg,228,139,180,166,100,228,117,15,46,171,222,117,153,15,88,164,230,153,248,188,219,165,62,248,212,86,148,165,152,212,191,88,136,166,153,191
Tulip_082.jpg,231,225,216,18,17,231,28,30,21,37,77,30,132,132,126,30,12,132,180,177,172,19,11,180,80,81,63,32,57,81,130,129,119,27,34,130
Tulip_083.jpg,142,138,112,26,54,142,58,65,23,35,165,65,190,183,201,132,23,201,166,24,41,176,218,166,99,105,68,35,90,105,131,103,89,80,110,135
Tulip_084.jpg,185,154,133,12,72,185,120,140,102,46,69,140,244,245,239,35,6,245,50,59,23,37,156,59,97,98,61,31,96,98,139,139,111,32,79,145
Tulip_085.jpg,159,152,129,23,48,159,33,39,12,37,177,39,223,223,222,30,1,223,138,62,11,12,235,138,90,89,61,29,82,90,128,113,87,26,108,129
Tulip_086.jpg,231,218,83,27,163,231,77,96,24,38,191,96,174,203,227,104,60,227,174,160,25,27,218,174,141,186,222,103,93,222,159,172,116,59,145,190
